name,position,team,season,is_prospect,age,height_in,wingspan_in,weight_lb,games_played,minutes_pg,pts_pg,reb_pg,ast_pg,stl_pg,blk_pg,tov_pg,fg_pct,fg3_pct,ft_pct,ts_pct,usage_pct,injury_notes,scout_notes,source_note,data_source
Marcus Delgado,PG,Wolves,2024-25,False,29.5,76.0,80.3,183.0,55,22.4,11.8,2.3,5.9,1.6,0.4,2.9,0.526,0.339,0.746,0.513,19.9,,,,synthetic
Aaron Vance,SG,Hawks,2024-25,False,21.4,76.0,76.3,207.0,50,30.5,13.1,4.9,4.6,1.3,0.8,2.0,0.499,0.396,0.793,0.503,28.1,Managed minutes late season (knee soreness).,,,synthetic
Jalen Quintero,PG,Wolves,2024-25,False,32.0,75.0,77.2,209.0,57,30.9,10.8,3.3,6.7,1.1,0.2,3.4,0.517,0.365,0.668,0.523,26.2,,,,synthetic
Bryce Brantley,SF,Hawks,2024-25,False,31.8,80.0,80.9,196.0,30,33.3,20.5,5.1,2.0,1.5,0.8,2.9,0.438,0.35,0.868,0.513,23.0,,,,synthetic
Landon Moreau,SG,Magic,2024-25,False,32.6,76.0,76.8,195.0,36,29.1,17.3,2.8,2.2,0.8,0.6,3.1,0.476,0.289,0.727,0.592,29.9,Managed minutes late season (knee soreness).,,,synthetic
Reggie Whitfield,C,Spurs,2024-25,False,30.5,86.0,89.3,206.0,46,28.1,20.3,9.5,2.9,1.0,1.3,2.3,0.432,0.408,0.864,0.497,17.6,Managed minutes late season (knee soreness).,,,synthetic
Caleb Whitaker,SG,Spurs,2024-25,False,32.9,76.0,80.4,219.0,35,35.0,9.4,5.1,4.9,1.0,0.2,3.3,0.57,0.292,0.756,0.623,17.0,Managed minutes late season (knee soreness).,,,synthetic
Zion Battle,SG,Spurs,2024-25,False,32.2,76.0,79.1,194.0,62,32.6,25.9,4.6,4.5,1.1,0.6,2.0,0.562,0.343,0.689,0.505,16.9,,,,synthetic
Ezra Nakamura,SG,Thunder,2024-25,False,23.2,78.0,77.7,252.0,32,29.2,6.2,3.3,3.7,1.3,0.6,3.3,0.504,0.314,0.752,0.586,21.7,,,,synthetic
Caleb Vance,PF,Thunder,2024-25,False,29.4,83.0,82.7,184.0,53,32.2,14.6,9.5,1.5,0.7,1.2,1.4,0.433,0.345,0.865,0.61,14.9,Managed minutes late season (knee soreness).,,,synthetic
Deshawn Whitfield,C,Kings,2024-25,False,22.3,84.0,84.1,194.0,53,34.6,26.3,7.9,0.8,0.7,2.5,3.0,0.451,0.378,0.825,0.619,23.4,Missed 6 games (ankle) - fully cleared.,,,synthetic
Malik Okafor,SF,Hawks,2024-25,False,20.8,79.0,82.2,220.0,82,29.4,18.2,3.7,3.2,1.5,0.4,1.2,0.555,0.337,0.884,0.561,22.0,Managed minutes late season (knee soreness).,,,synthetic
Devon Vance,C,Hawks,2024-25,False,33.1,83.0,83.5,239.0,43,25.7,19.8,7.7,2.2,0.7,2.5,3.4,0.402,0.367,0.778,0.565,15.2,Managed minutes late season (knee soreness).,,,synthetic
Tyler Renner,SF,Hawks,2024-25,False,24.0,79.0,83.2,224.0,47,30.6,24.5,7.4,3.6,0.6,1.0,1.8,0.519,0.411,0.658,0.612,15.6,,,,synthetic
Xavier Abara,SG,Kings,2024-25,False,29.6,77.0,80.9,220.0,44,34.7,18.7,5.0,2.3,1.2,0.4,1.0,0.539,0.369,0.693,0.588,26.4,Managed minutes late season (knee soreness).,,,synthetic
Marcus Sinclair,C,Blazers,2024-25,False,27.6,86.0,91.2,227.0,37,28.0,7.6,7.2,1.6,1.1,2.5,1.1,0.464,0.375,0.807,0.612,18.2,Managed minutes late season (knee soreness).,,,synthetic
Amir Delgado,PF,Blazers,2024-25,False,33.7,82.0,87.0,254.0,29,24.5,9.2,10.1,3.0,0.8,1.4,2.9,0.445,0.302,0.816,0.619,18.6,,,,synthetic
Malik Faulk,SG,Kings,2024-25,False,23.1,77.0,80.1,211.0,45,34.1,25.3,5.4,3.0,1.4,0.4,3.6,0.497,0.411,0.652,0.532,29.6,,,,synthetic
Jalen Sinclair,SF,Hawks,2024-25,False,26.1,81.0,84.4,185.0,64,24.7,18.5,3.7,3.0,1.1,0.9,2.8,0.569,0.383,0.675,0.532,20.0,,,,synthetic
Landon Abara,PG,Hawks,2024-25,False,25.6,73.0,76.6,186.0,54,31.3,16.6,3.3,9.0,1.0,0.4,2.1,0.55,0.323,0.679,0.58,27.0,Managed minutes late season (knee soreness).,,,synthetic
Kevin Lindgren,PF,Blazers,2024-25,False,29.2,81.0,83.2,235.0,67,26.7,20.2,9.6,2.9,1.0,0.8,1.5,0.404,0.314,0.753,0.557,24.2,,,,synthetic
Malik Mensah,C,Kings,2024-25,False,22.1,85.0,88.7,255.0,77,34.4,20.6,11.3,1.3,1.0,2.1,2.2,0.5,0.408,0.654,0.554,15.6,Missed 6 games (ankle) - fully cleared.,,,synthetic
Amir Kowalski,C,Pacers,2024-25,False,31.4,86.0,85.5,213.0,63,28.2,26.0,7.9,2.7,0.7,2.2,3.2,0.45,0.389,0.756,0.614,16.9,Missed 6 games (ankle) - fully cleared.,,,synthetic
Cameron Dubois,SF,Wolves,2024-25,False,21.9,78.0,79.7,237.0,73,25.0,13.1,5.2,2.7,1.1,0.3,3.2,0.47,0.388,0.885,0.614,14.3,Managed minutes late season (knee soreness).,,,synthetic
Caleb Abara,PG,Magic,2024-25,False,27.5,75.0,74.2,247.0,42,28.8,21.8,3.0,7.4,1.3,0.4,3.1,0.53,0.398,0.877,0.608,29.7,Managed minutes late season (knee soreness).,,,synthetic
Ezra Ferreira,PF,Magic,2024-25,False,21.9,81.0,87.0,180.0,52,26.6,19.9,7.8,2.0,1.2,0.9,3.5,0.476,0.397,0.752,0.493,23.0,,,,synthetic
Cameron Brantley,SF,Thunder,2024-25,False,30.6,81.0,85.4,193.0,29,30.7,7.4,4.5,3.1,0.7,1.1,2.2,0.446,0.332,0.79,0.624,27.5,,,,synthetic
Andre Sinclair,SG,Pacers,2024-25,False,29.5,78.0,79.4,211.0,73,24.8,18.2,4.3,4.9,1.0,0.6,1.8,0.523,0.393,0.843,0.619,23.9,,,,synthetic
Zion Renner,PF,Thunder,2024-25,False,31.9,82.0,86.8,184.0,51,30.9,7.4,9.6,2.8,0.8,1.5,3.5,0.449,0.393,0.771,0.577,19.8,Missed 6 games (ankle) - fully cleared.,,,synthetic
Xavier Kowalski,C,Wolves,2024-25,False,23.9,84.0,86.9,243.0,64,30.5,23.9,9.1,0.9,1.0,1.1,1.6,0.544,0.328,0.866,0.605,22.4,,,,synthetic
Malik Bellamy,C,Spurs,2024-25,False,30.6,85.0,86.3,233.0,59,28.3,11.1,7.1,1.4,0.7,1.2,2.7,0.466,0.357,0.716,0.541,26.0,Managed minutes late season (knee soreness).,,,synthetic
Xavier Nakamura,PF,Wolves,2024-25,False,30.4,83.0,87.0,237.0,40,25.0,8.5,7.9,2.9,1.3,1.2,1.7,0.418,0.307,0.684,0.509,16.2,,,,synthetic
Xavier Okafor,SG,Blazers,2024-25,False,28.9,77.0,77.1,184.0,28,30.0,26.5,3.9,3.5,0.9,0.2,3.4,0.486,0.395,0.732,0.563,17.0,,,,synthetic
Andre Bellamy,C,Magic,2024-25,False,28.5,86.0,86.9,195.0,61,27.3,26.9,12.0,1.5,0.8,1.6,2.5,0.411,0.414,0.648,0.498,23.2,,,,synthetic
Isaiah Nakamura,PG,Thunder,2024-25,False,25.7,75.0,74.8,217.0,30,25.2,9.7,4.5,8.7,1.4,0.4,3.4,0.542,0.368,0.805,0.491,29.1,Missed 6 games (ankle) - fully cleared.,,,synthetic
Julian Harmon,SG,Wolves,2024-25,False,20.8,77.0,81.1,229.0,80,30.0,25.1,3.4,2.4,1.5,0.6,3.5,0.49,0.349,0.643,0.604,16.6,Missed 6 games (ankle) - fully cleared.,,,synthetic
Xavier Whitfield,C,Pacers,2024-25,False,28.2,82.0,84.3,244.0,80,25.8,7.9,7.2,2.5,0.7,2.0,3.4,0.433,0.362,0.798,0.624,19.9,,,,synthetic
Jordan Kowalski,PF,Hawks,2024-25,False,25.8,81.0,83.2,235.0,53,33.4,20.1,8.3,2.2,0.8,0.9,3.5,0.473,0.352,0.897,0.609,21.9,Managed minutes late season (knee soreness).,,,synthetic
Malik Tanaka,PG,Jazz,2024-25,False,30.6,73.0,75.2,224.0,46,28.1,13.6,4.4,5.2,2.2,0.4,1.6,0.429,0.357,0.775,0.593,17.3,,,,synthetic
Julian Faulk,PG,Pistons,2024-25,False,27.1,73.0,73.9,250.0,58,25.4,9.2,3.9,6.8,2.1,0.4,3.3,0.556,0.319,0.841,0.62,21.8,Managed minutes late season (knee soreness).,,,synthetic
Andre Delgado,PG,Jazz,2024-25,False,32.1,74.0,77.9,219.0,49,29.7,12.3,3.9,7.2,1.3,0.2,2.8,0.503,0.313,0.837,0.568,16.6,Missed 6 games (ankle) - fully cleared.,,,synthetic
Darius Quintero,PF,Blazers,2024-25,False,26.9,80.0,81.4,220.0,65,26.6,22.6,6.0,3.1,0.6,1.7,1.0,0.426,0.402,0.892,0.578,14.9,,,,synthetic
Julian Bellamy,PF,Spurs,2024-25,False,25.3,81.0,83.1,240.0,76,28.8,23.9,8.2,2.6,0.7,1.4,1.7,0.441,0.293,0.894,0.608,23.1,,,,synthetic
Quentin Whitfield,SF,Pistons,2024-25,False,25.0,79.0,81.2,197.0,54,29.9,7.0,6.7,2.3,0.7,1.0,2.6,0.443,0.408,0.66,0.599,20.5,,,,synthetic
Quentin Stroud,PG,Spurs,2024-25,False,22.2,74.0,79.9,206.0,65,26.2,15.8,5.4,8.6,1.4,0.3,3.6,0.554,0.295,0.727,0.523,21.0,,,,synthetic
Marcus Faulk,SF,Pacers,2024-25,False,32.1,80.0,83.4,263.0,66,32.4,19.8,6.8,4.2,1.4,0.5,3.1,0.439,0.307,0.69,0.521,24.6,,,,synthetic
Andre Stroud,PG,Blazers,2024-25,False,21.3,73.0,77.2,242.0,39,24.8,15.3,4.8,9.8,1.3,0.4,1.7,0.43,0.408,0.884,0.567,29.5,,,,synthetic
Sammy Sinclair,SF,Kings,2024-25,False,32.0,80.0,79.8,263.0,82,33.3,15.8,5.0,3.9,0.6,0.7,2.2,0.521,0.374,0.784,0.491,25.5,,,,synthetic
Miles Whitfield,SG,Hawks,2024-25,False,32.8,75.0,77.2,181.0,80,28.5,19.0,4.6,4.3,0.8,0.2,1.1,0.579,0.296,0.686,0.621,23.5,Missed 6 games (ankle) - fully cleared.,,,synthetic
Trey Ferreira,C,Magic,2024-25,False,29.2,86.0,86.9,230.0,45,22.5,21.6,9.0,1.8,1.1,2.3,1.3,0.523,0.356,0.894,0.503,18.3,Missed 6 games (ankle) - fully cleared.,,,synthetic
Reggie Faulk,PG,Pacers,2024-25,False,33.6,72.0,77.0,205.0,36,33.0,15.5,2.7,9.5,1.6,0.4,3.1,0.442,0.388,0.841,0.579,24.3,,,,synthetic
Tyler Moreau,SG,Thunder,2024-25,False,21.8,75.0,75.6,246.0,65,26.5,11.3,3.0,2.2,1.5,0.5,2.9,0.486,0.389,0.764,0.506,17.5,Managed minutes late season (knee soreness).,,,synthetic
Jalen Delgado,C,Spurs,2024-25,False,24.2,85.0,87.8,178.0,58,33.9,22.4,9.3,1.0,0.9,1.6,3.3,0.458,0.301,0.655,0.61,21.5,Managed minutes late season (knee soreness).,,,synthetic
Darius Holloway,SF,Pacers,2024-25,False,26.0,80.0,81.2,185.0,69,31.1,17.1,6.6,3.7,0.8,0.7,1.6,0.461,0.343,0.736,0.548,15.3,Missed 6 games (ankle) - fully cleared.,,,synthetic
Caleb Harmon,SF,Wolves,2024-25,False,31.6,77.0,82.8,184.0,75,27.2,20.4,4.0,2.0,1.6,0.7,2.7,0.474,0.402,0.884,0.551,19.9,,,,synthetic
Andre Renner,C,Blazers,2024-25,False,29.2,83.0,88.5,185.0,82,29.8,8.2,7.6,1.4,0.6,1.6,2.5,0.538,0.367,0.809,0.556,20.7,Managed minutes late season (knee soreness).,,,synthetic
Marcus Pruitt,SF,Hawks,2024-25,False,24.9,78.0,81.2,188.0,70,27.6,11.7,4.1,3.5,0.6,0.9,1.6,0.476,0.328,0.724,0.594,24.1,Managed minutes late season (knee soreness).,,,synthetic
Tyler Pruitt,PG,Wolves,2024-25,False,23.8,75.0,74.4,219.0,56,27.8,21.8,2.8,7.6,1.3,0.2,2.8,0.507,0.354,0.706,0.487,19.1,Managed minutes late season (knee soreness).,,,synthetic
Andre Castillo,SG,Pistons,2024-25,False,24.6,74.0,79.0,242.0,39,23.8,22.1,4.1,2.8,1.3,0.6,1.9,0.471,0.384,0.742,0.595,22.4,,,,synthetic
Darius Mensah,C,Magic,2024-25,False,20.3,84.0,85.3,247.0,67,28.4,19.4,10.8,1.6,0.7,1.0,2.1,0.472,0.291,0.864,0.523,22.9,,,,synthetic
Devon Tanaka,SG,Kings,2024-25,False,32.7,75.0,79.3,240.0,80,31.0,19.3,2.9,2.4,1.0,0.3,1.4,0.537,0.291,0.886,0.56,24.8,Missed 6 games (ankle) - fully cleared.,,,synthetic
Kevin Quintero,C,Pacers,2024-25,False,24.5,87.0,90.5,203.0,56,23.0,25.4,9.4,1.5,0.6,0.9,2.3,0.456,0.343,0.636,0.565,24.0,,,,synthetic
Amir Holloway,PG,Spurs,2024-25,False,33.4,75.0,74.3,179.0,79,30.0,16.6,2.7,8.1,1.5,0.6,2.2,0.546,0.397,0.895,0.549,17.2,,,,synthetic
Kevin Tanaka,PF,Hawks,2024-25,False,32.9,81.0,82.3,245.0,71,30.4,17.0,9.4,2.7,0.6,0.6,2.8,0.451,0.381,0.804,0.504,24.9,,,,synthetic
Zion Harmon,C,Magic,2024-25,False,21.8,86.0,85.1,183.0,63,27.3,25.3,11.4,2.6,0.9,2.3,2.9,0.523,0.354,0.801,0.527,19.1,,,,synthetic
Isaiah Castillo,SF,Kings,2024-25,False,23.2,78.0,82.8,182.0,82,33.0,13.2,5.5,3.3,1.3,0.7,2.7,0.558,0.367,0.787,0.595,16.2,,,,synthetic
Sammy Pruitt,C,Hawks,2024-25,False,29.5,83.0,85.2,215.0,46,32.5,21.1,11.3,1.3,0.6,2.5,3.0,0.563,0.307,0.81,0.487,20.8,Missed 6 games (ankle) - fully cleared.,,,synthetic
Kai Osei,SF,Blazers,2024-25,False,31.4,80.0,80.0,187.0,44,22.7,16.6,5.4,2.8,1.5,0.9,2.3,0.422,0.292,0.665,0.543,20.3,Managed minutes late season (knee soreness).,,,synthetic
Devon Nakamura,PF,Thunder,2024-25,False,25.8,81.0,85.3,209.0,52,35.9,23.2,7.4,1.3,1.2,1.6,2.7,0.542,0.299,0.7,0.613,24.0,,,,synthetic
Kevin Holloway,PF,Pistons,2024-25,False,23.0,80.0,82.8,260.0,66,29.4,6.1,6.1,1.9,0.7,0.6,2.1,0.543,0.344,0.651,0.492,24.9,Managed minutes late season (knee soreness).,,,synthetic
Aaron Harmon,C,Hawks,2024-25,False,23.4,84.0,84.8,235.0,33,29.3,12.1,9.0,2.9,0.8,2.2,2.3,0.404,0.402,0.632,0.48,18.6,,,,synthetic
Caleb Stroud,PG,Wolves,2024-25,False,30.8,75.0,74.3,205.0,30,26.9,7.4,3.2,8.4,2.0,0.4,3.6,0.486,0.306,0.658,0.516,26.0,Missed 6 games (ankle) - fully cleared.,,,synthetic
Jalen Stroud,SG,Pistons,2024-25,False,27.2,78.0,83.3,224.0,44,22.5,10.2,4.4,3.0,1.6,0.2,2.7,0.449,0.392,0.742,0.486,21.6,Missed 6 games (ankle) - fully cleared.,,,synthetic
Jordan Pruitt,PF,Spurs,2024-25,False,23.7,80.0,82.1,213.0,55,30.4,16.4,9.6,2.5,0.8,0.6,2.7,0.455,0.364,0.739,0.555,22.3,,,,synthetic
Amir Vance,SF,Thunder,2024-25,False,21.1,80.0,79.2,208.0,79,32.5,11.8,4.1,1.9,1.4,0.8,2.1,0.423,0.313,0.801,0.627,19.1,Managed minutes late season (knee soreness).,,,synthetic
Zion Lindgren,SG,Wolves,2024-25,False,28.0,76.0,77.0,211.0,69,25.9,25.9,5.4,2.1,0.9,0.5,3.4,0.421,0.388,0.817,0.536,19.0,Managed minutes late season (knee soreness).,,,synthetic
Malik Sinclair,PF,Blazers,2024-25,False,32.6,81.0,85.6,183.0,71,35.5,8.9,10.4,2.7,1.1,1.2,1.8,0.454,0.302,0.819,0.491,22.4,,,,synthetic
Cameron Sinclair,C,Kings,2024-25,False,31.1,82.0,81.5,225.0,51,28.5,26.7,12.4,1.1,1.0,0.9,2.0,0.529,0.347,0.735,0.599,18.9,Managed minutes late season (knee soreness).,,,synthetic
Zion Tanaka,SF,Spurs,2024-25,False,29.0,78.0,82.9,262.0,55,29.0,13.2,7.0,4.0,1.1,0.5,1.4,0.568,0.312,0.885,0.612,21.3,,,,synthetic
Malik Brantley,SF,Pistons,2024-25,False,28.6,77.0,77.9,233.0,65,35.2,26.1,4.1,3.6,1.3,0.8,3.2,0.501,0.396,0.628,0.521,14.6,Managed minutes late season (knee soreness).,,,synthetic
Kai Ferreira,SG,Jazz,2024-25,False,32.4,76.0,81.0,233.0,47,28.8,14.7,4.9,4.4,1.0,0.2,1.2,0.479,0.348,0.677,0.576,24.5,,,,synthetic
Landon Okonkwo,SF,Hawks,2024-25,False,27.2,77.0,81.0,197.0,35,25.7,13.3,4.5,2.1,0.9,0.6,2.6,0.445,0.401,0.665,0.54,18.6,Managed minutes late season (knee soreness).,,,synthetic
Kai Pruitt,SG,Jazz,2024-25,False,32.3,76.0,78.0,183.0,53,29.1,16.5,5.4,2.8,1.1,0.2,2.3,0.559,0.372,0.752,0.557,23.5,,,,synthetic
Landon Renner,SF,Magic,2024-25,False,20.7,79.0,81.9,208.0,46,23.0,22.0,5.5,3.9,0.9,1.1,2.8,0.421,0.417,0.73,0.535,25.1,,,,synthetic
Kai Harmon,SF,Spurs,2024-25,False,20.6,77.0,79.6,239.0,79,28.6,10.2,5.3,3.4,1.1,0.6,2.6,0.429,0.419,0.827,0.556,18.2,,,,synthetic
Braxton Battle,C,Thunder,2024-25,False,25.2,85.0,88.1,263.0,65,26.3,20.9,11.9,2.7,0.8,1.9,1.7,0.518,0.416,0.782,0.525,16.7,,,,synthetic
Noah Brantley,SG,Magic,2024-25,False,22.1,77.0,80.9,178.0,72,23.5,21.1,2.6,3.1,0.9,0.6,2.1,0.539,0.409,0.864,0.596,26.3,,,,synthetic
Malik Moreau,C,Spurs,2024-25,False,25.3,87.0,92.6,216.0,62,26.8,12.8,8.9,2.5,0.9,2.0,2.8,0.51,0.307,0.689,0.579,20.7,,,,synthetic
Kai Abara,SF,Jazz,2024-25,False,24.4,78.0,79.4,259.0,78,32.1,20.8,4.7,3.3,1.1,1.0,2.0,0.462,0.388,0.661,0.584,14.6,,,,synthetic
Julian Dubois,PF,Spurs,2024-25,False,23.8,82.0,81.0,199.0,34,30.6,21.7,8.4,1.8,1.0,1.2,2.7,0.409,0.338,0.821,0.512,15.2,,,,synthetic
Bryce Pruitt,C,Jazz,2024-25,False,26.7,83.0,88.5,262.0,48,26.0,14.5,7.3,2.5,0.9,1.2,2.9,0.553,0.285,0.878,0.62,19.0,,,,synthetic
Deshawn Osei,PG,Pistons,2024-25,False,32.3,72.0,72.1,226.0,34,35.0,22.5,3.2,7.2,1.7,0.4,3.3,0.424,0.351,0.696,0.508,27.3,,,,synthetic
Aaron Pruitt,PF,Pistons,2024-25,False,27.9,82.0,82.6,191.0,82,30.9,6.3,7.5,2.2,0.8,1.0,1.2,0.577,0.347,0.882,0.531,14.1,Missed 6 games (ankle) - fully cleared.,,,synthetic
Jordan Abara,SF,Pistons,2024-25,False,29.2,80.0,80.5,181.0,35,28.5,18.2,4.1,3.7,1.5,1.0,3.0,0.524,0.369,0.883,0.566,19.1,,,,synthetic
Miles Harmon,SG,Hawks,2024-25,False,25.8,76.0,75.4,217.0,62,33.2,15.6,5.0,4.7,1.4,0.6,3.0,0.495,0.354,0.721,0.628,28.8,,,,synthetic
Quentin Tanaka,C,Blazers,2024-25,False,24.6,85.0,89.1,185.0,41,32.0,10.2,9.7,2.8,0.7,0.9,1.3,0.475,0.359,0.776,0.56,22.1,,,,synthetic
Xavier Faulk,PF,Wolves,2024-25,False,20.6,81.0,83.1,181.0,31,35.1,6.1,5.8,3.3,0.5,1.0,3.0,0.538,0.417,0.801,0.513,19.0,Missed 6 games (ankle) - fully cleared.,,,synthetic
Darius Bellamy,PF,Spurs,2024-25,False,21.9,83.0,83.7,186.0,62,27.5,20.3,6.1,3.5,1.2,1.5,3.5,0.483,0.381,0.739,0.579,18.6,,,,synthetic
Tyler Dubois,SF,Wolves,2024-25,False,20.5,80.0,80.0,230.0,29,25.4,10.0,3.8,3.4,1.0,0.8,3.3,0.444,0.286,0.743,0.611,21.6,,,,synthetic
Cameron Faulk,SF,Pacers,2024-25,False,28.4,80.0,82.5,204.0,47,34.3,25.2,7.4,3.2,1.0,0.5,2.4,0.507,0.383,0.669,0.566,23.5,Managed minutes late season (knee soreness).,,,synthetic
Julian Quintero,SF,Magic,2024-25,False,25.7,78.0,78.8,192.0,62,28.6,14.0,6.9,2.6,1.3,0.9,3.4,0.501,0.415,0.776,0.559,15.9,,,,synthetic
Bryce Lindgren,SF,Kings,2024-25,False,20.7,79.0,84.7,229.0,30,34.2,23.8,4.3,3.9,1.3,0.7,2.2,0.557,0.327,0.888,0.494,14.2,,,,synthetic
Landon Whitaker,PG,Pacers,2024-25,False,29.9,74.0,79.4,197.0,48,32.9,16.1,3.3,7.7,1.3,0.2,2.3,0.49,0.294,0.895,0.516,22.6,,,,synthetic
Jordan Vance,SF,Blazers,2024-25,False,20.2,79.0,81.2,228.0,74,27.8,7.0,4.1,2.7,1.0,1.0,2.3,0.518,0.376,0.692,0.61,25.5,Missed 6 games (ankle) - fully cleared.,,,synthetic
Isaiah Harmon,SF,Spurs,2024-25,False,33.9,81.0,80.4,222.0,81,33.9,21.1,7.3,3.6,1.4,0.6,3.2,0.442,0.379,0.623,0.553,21.1,,,,synthetic
Bryce Battle,C,Spurs,2024-25,False,27.7,82.0,84.7,223.0,45,29.5,19.8,8.6,1.9,0.9,1.6,3.4,0.432,0.409,0.767,0.482,16.9,Managed minutes late season (knee soreness).,,,synthetic
Xavier Stroud,SF,Magic,2024-25,False,26.4,78.0,77.6,238.0,47,31.6,14.3,6.9,3.6,1.5,0.9,1.2,0.468,0.357,0.636,0.536,14.1,,,,synthetic
Julian Stroud,PF,Wolves,2024-25,False,32.5,83.0,86.1,196.0,72,34.4,13.0,7.9,1.3,0.6,1.7,3.3,0.501,0.285,0.88,0.627,17.8,,,,synthetic
Bryce Bellamy,PF,Pacers,2024-25,False,31.7,81.0,85.4,256.0,49,27.4,12.3,9.2,3.0,1.1,0.6,2.9,0.462,0.294,0.685,0.565,14.9,Managed minutes late season (knee soreness).,,,synthetic
Darius Whitaker,C,Jazz,2024-25,False,26.9,84.0,88.2,260.0,55,24.6,12.9,10.2,1.6,0.9,1.3,1.6,0.413,0.318,0.726,0.575,23.4,,,,synthetic
Caleb Sinclair,SF,Jazz,2024-25,False,25.0,78.0,79.7,187.0,39,28.0,7.9,5.7,3.2,0.7,0.4,2.4,0.507,0.39,0.862,0.621,14.2,Missed 6 games (ankle) - fully cleared.,,,synthetic
Quentin Nakamura,PG,Magic,2024-25,False,22.4,73.0,72.9,199.0,37,22.9,18.0,3.5,7.0,1.5,0.1,1.7,0.444,0.368,0.786,0.505,18.7,,,,synthetic
Darius Kowalski,PG,Hawks,2024-25,False,26.2,74.0,79.8,249.0,69,35.6,23.7,2.5,6.4,2.1,0.2,1.8,0.574,0.416,0.702,0.537,25.7,Missed 6 games (ankle) - fully cleared.,,,synthetic
Jordan Osei,SG,Hawks,2024-25,False,21.6,76.0,79.7,228.0,62,24.5,11.9,4.8,2.1,1.5,0.8,1.5,0.544,0.396,0.639,0.598,27.9,Missed 6 games (ankle) - fully cleared.,,,synthetic
Julian Abara,SG,Magic,2024-25,False,31.0,74.0,73.8,264.0,58,30.2,11.1,4.1,5.2,1.7,0.5,1.1,0.574,0.378,0.847,0.579,24.3,,,,synthetic
Zion Quintero,SG,Thunder,2024-25,False,27.9,77.0,81.4,233.0,76,26.6,13.5,4.9,2.4,0.8,0.3,2.9,0.5,0.376,0.682,0.577,21.2,Missed 6 games (ankle) - fully cleared.,,,synthetic
Aaron Tanaka,C,Jazz,2024-25,False,21.5,84.0,85.1,262.0,35,33.6,9.2,11.0,1.6,0.6,2.2,2.4,0.463,0.294,0.822,0.63,19.4,,,,synthetic
Marcus Okonkwo,PG,Blazers,2024-25,False,33.0,75.0,77.1,221.0,63,24.2,13.2,4.0,10.3,1.1,0.3,1.5,0.515,0.34,0.628,0.496,24.6,,,,synthetic
Darius Whitfield,PF,Wolves,2024-25,False,28.1,82.0,85.3,223.0,51,26.6,20.8,7.8,1.8,1.2,1.2,2.7,0.507,0.366,0.784,0.511,18.2,Missed 6 games (ankle) - fully cleared.,,,synthetic
Bryce Holloway,SF,Hawks,2024-25,False,21.7,78.0,80.4,191.0,72,24.0,18.4,5.1,3.4,1.2,0.6,2.3,0.497,0.409,0.881,0.581,16.4,,,,synthetic
Isaiah Kowalski,SG,Hawks,2024-25,False,33.3,76.0,75.2,193.0,52,35.5,23.7,4.0,3.7,1.5,0.4,3.2,0.488,0.292,0.629,0.573,26.7,,,,synthetic
Braxton Abara,SG,Jazz,2024-25,False,27.7,74.0,75.1,185.0,77,29.6,9.5,5.5,3.9,1.5,0.7,2.1,0.439,0.34,0.826,0.549,25.2,,,,synthetic
Kevin Dubois,PG,Jazz,2024-25,False,32.1,72.0,74.7,248.0,41,33.3,13.3,4.1,6.6,1.8,0.4,1.4,0.425,0.309,0.678,0.603,16.8,,,,synthetic
Braxton Pruitt,C,Pistons,2024-25,False,28.0,87.0,91.8,221.0,71,33.4,12.8,7.7,2.5,0.7,0.9,1.7,0.518,0.378,0.657,0.586,15.8,,,,synthetic
Ezra Brantley,PF,Jazz,2024-25,False,21.1,82.0,85.4,244.0,53,29.2,11.6,6.9,3.4,0.8,1.7,1.9,0.4,0.388,0.825,0.542,22.8,Missed 6 games (ankle) - fully cleared.,,,synthetic
Reggie Bellamy,SF,Magic,2024-25,False,31.5,79.0,84.5,204.0,46,26.7,22.7,5.8,3.3,1.1,0.6,2.8,0.409,0.294,0.839,0.54,20.4,,,,synthetic
Marcus Vance,SG,Blazers,2024-25,False,32.4,75.0,78.9,254.0,45,23.3,10.2,3.6,2.3,1.4,0.6,1.1,0.513,0.382,0.831,0.583,22.0,,,,synthetic
Malik Battle,PG,Spurs,2024-25,False,29.5,72.0,76.4,238.0,80,23.7,7.6,5.0,8.7,1.5,0.2,1.2,0.545,0.294,0.723,0.569,20.2,Missed 6 games (ankle) - fully cleared.,,,synthetic
Tyler Bellamy,SG,Blazers,2024-25,False,26.2,77.0,77.7,232.0,37,34.9,17.1,4.3,3.5,0.9,0.7,1.4,0.422,0.382,0.718,0.481,22.0,,,,synthetic
Cameron Moreau,PG,Pistons,2024-25,False,30.9,75.0,77.5,251.0,70,34.3,18.6,2.7,8.1,1.1,0.3,2.7,0.541,0.391,0.687,0.588,21.4,,,,synthetic
Caleb Kowalski,C,Pacers,2024-25,False,25.9,85.0,89.4,191.0,58,35.4,8.8,11.2,0.8,0.4,1.3,1.1,0.411,0.391,0.762,0.609,21.5,Managed minutes late season (knee soreness).,,,synthetic
Aaron Osei,PF,Pacers,2024-25,False,22.1,80.0,79.4,182.0,41,35.6,7.7,6.3,2.0,1.0,1.5,2.7,0.516,0.323,0.742,0.56,25.4,,,,synthetic
Bryce Vance,PG,Thunder,2024-25,False,24.3,75.0,79.1,242.0,35,22.2,8.4,2.5,4.6,1.5,0.3,2.3,0.548,0.316,0.724,0.572,26.5,,,,synthetic
Kai Whitfield,PG,Spurs,2024-25,False,20.9,75.0,74.0,227.0,32,28.9,13.0,3.8,4.8,2.0,0.2,1.4,0.539,0.405,0.809,0.544,17.6,Managed minutes late season (knee soreness).,,,synthetic
Cameron Okafor,PG,Blazers,2024-25,False,22.5,76.0,76.3,178.0,79,34.8,15.9,4.6,7.0,1.3,0.3,2.9,0.449,0.291,0.724,0.537,23.0,,,,synthetic
Jalen Osei,C,Pistons,2024-25,False,30.8,84.0,88.3,183.0,57,22.1,7.4,8.1,2.0,0.6,1.9,2.2,0.507,0.349,0.836,0.55,16.3,Managed minutes late season (knee soreness).,,,synthetic
Tyler Whitfield,SG,Spurs,2024-25,False,24.8,77.0,76.7,254.0,49,22.0,25.6,4.5,5.0,1.5,0.3,2.4,0.443,0.349,0.637,0.484,30.0,,,,synthetic
Quentin Okonkwo,SG,Hawks,2024-25,False,26.4,77.0,78.2,227.0,60,23.9,16.9,5.0,2.3,1.3,0.5,3.5,0.443,0.317,0.708,0.585,27.2,,,,synthetic
Cameron Bellamy,SF,Pacers,2024-25,False,21.5,77.0,76.3,215.0,48,27.7,25.8,5.6,4.4,0.8,0.5,1.7,0.422,0.302,0.812,0.5,25.6,Managed minutes late season (knee soreness).,,,synthetic
Aaron Nakamura,SF,Thunder,2024-25,False,29.5,78.0,77.9,264.0,29,35.3,26.3,6.9,3.3,1.2,0.4,1.3,0.543,0.297,0.637,0.539,24.9,,,,synthetic
Caleb Quintero,PF,Pacers,2024-25,False,28.2,83.0,87.8,182.0,32,24.8,19.2,8.7,3.1,0.6,1.6,3.1,0.422,0.412,0.634,0.577,25.1,Missed 6 games (ankle) - fully cleared.,,,synthetic
Trey Pruitt,PF,Pistons,2024-25,False,23.9,83.0,86.4,178.0,67,30.6,13.4,8.7,2.3,1.2,1.1,1.2,0.469,0.339,0.8,0.616,23.6,,,,synthetic
Sammy Whitfield,C,Hawks,2024-25,False,26.7,86.0,92.0,206.0,64,29.0,26.8,9.1,1.2,0.6,1.2,3.3,0.54,0.288,0.898,0.597,20.4,Managed minutes late season (knee soreness).,,,synthetic
Elijah Nakamura,SG,Thunder,2024-25,False,30.7,78.0,83.6,227.0,79,27.4,19.8,5.3,5.5,0.9,0.3,1.8,0.533,0.33,0.786,0.52,25.8,,,,synthetic
Tyler Ferreira,C,Jazz,2024-25,False,27.6,83.0,82.4,178.0,31,25.3,25.9,8.2,2.0,0.4,2.5,1.5,0.423,0.38,0.877,0.606,24.1,,,,synthetic
Ezra Mensah,SG,Spurs,2024-25,False,32.0,78.0,81.9,209.0,70,27.5,25.3,2.8,3.1,0.9,0.3,3.5,0.543,0.414,0.802,0.596,18.4,Managed minutes late season (knee soreness).,,,synthetic
Sammy Renner,C,Blazers,2024-25,False,25.3,86.0,89.5,202.0,39,32.2,10.7,12.2,2.9,0.7,2.6,3.5,0.406,0.364,0.878,0.568,25.6,,,,synthetic
Tyler Kowalski,PG,Hawks,2024-25,False,22.4,76.0,80.1,183.0,73,31.4,21.7,4.6,6.5,0.8,0.2,2.8,0.463,0.39,0.822,0.516,16.7,Missed 6 games (ankle) - fully cleared.,,,synthetic
Quentin Vance,SG,Spurs,2024-25,False,25.3,77.0,77.1,246.0,64,31.1,16.4,4.6,2.6,0.8,0.7,1.8,0.457,0.413,0.641,0.537,18.4,Missed 6 games (ankle) - fully cleared.,,,synthetic
Braxton Bellamy,PG,Jazz,2024-25,False,29.9,74.0,73.7,234.0,66,34.5,13.1,2.5,5.1,1.1,0.2,2.8,0.53,0.382,0.694,0.628,19.9,,,,synthetic
AJ Dybantsa,SF,BYU,2025-26 (final NCAA season),True,,81,84.25,217,35,,25.5,6.8,3.7,1.1,0.3,,0.51,0.331,0.774,,,,"Drafted No. 1 overall by the Washington Wizards, 2026 NBA Draft.",Wikipedia (AJ Dybantsa - bio & 2025-26 season stats); Babcock Hoops 2026 NBA Draft Combine measurements (wingspan). Accessed Sept 2026.,real
Darryn Peterson,SG,Kansas,2025-26 (final NCAA season),True,,76.5,81.75,199,24,,20.2,4.2,1.6,1.4,0.6,,0.438,0.382,0.826,,,,"Drafted No. 2 overall by the Utah Jazz, 2026 NBA Draft. Games played (24) reflects a mid-season injury absence, not a full Kansas slate.",Wikipedia (Darryn Peterson - 2025-26 season stats); 2026 NBA Draft Combine measurements (height/weight/wingspan). Accessed Sept 2026.,real
Cameron Boozer,PF,Duke,2025-26 (final NCAA season),True,,81.5,85.5,253,38,,22.5,10.2,4.1,1.4,0.6,,0.556,0.391,0.789,,,,"Drafted No. 3 overall by the Memphis Grizzlies, 2026 NBA Draft.",Tankathon 2026 NBA Draft player profile (measurables & season stats). Accessed Sept 2026.,real
Caleb Wilson,SF,North Carolina,2025-26 (final NCAA season),True,,82.5,84.25,211,24,,19.8,9.4,2.7,1.5,1.4,,0.578,0.259,0.713,,,,"Drafted No. 4 overall by the Chicago Bulls, 2026 NBA Draft.",Tankathon 2026 NBA Draft player profile (measurables & season stats). Accessed Sept 2026.,real
Aday Mara,C,Michigan,2025-26 (final NCAA season),True,,87,90,255,40,,12.1,6.8,2.4,0.4,2.6,,0.668,0.3,0.564,,,,"Drafted No. 12 overall by the OKLAHOMA CITY THUNDER, 2026 NBA Draft.",Wikipedia (Aday Mara - 2025-26 season stats); Babcock Hoops 2026 NBA Draft Combine measurements (wingspan/standing reach). Accessed Sept 2026.,real
Yaxel Lendeborg,PF,Michigan,2025-26 (final NCAA season),True,,82,87.25,241,40,,15.1,6.8,3.2,1.1,1.2,,0.515,0.372,0.824,,,,"Drafted No. 11 overall by the Golden State Warriors, 2026 NBA Draft.",Tankathon 2026 NBA Draft player profile (measurables & season stats). Accessed Sept 2026.,real
Nate Ament,SF,Tennessee,2025-26 (final NCAA season),True,,82.75,83.5,211,35,,16.7,6.3,2.3,1.0,0.6,,0.399,0.333,0.79,,,,"Drafted No. 13 overall by the Miami Heat (draft rights traded to Milwaukee), 2026 NBA Draft.",Tankathon 2026 NBA Draft player profile (measurables & season stats). Accessed Sept 2026.,real
Jayden Quaintance,PF,Kentucky,2025-26 (final NCAA season),True,,82.25,89.25,253,4,,5.0,5.0,0.5,0.5,0.8,,0.571,,0.308,,,"Played only 4 games in 2025-26 before a season-ending injury - per-game numbers here are a very small, low-confidence sample.","Drafted No. 20 overall by the San Antonio Spurs, 2026 NBA Draft.",Tankathon 2026 NBA Draft player profile (measurables & season stats). Accessed Sept 2026.,real
Tyran Stokes,SF,Kansas (incoming),2026-27 (incoming - season not yet started),True,,79,,,,,,,,,,,,,,,,,Early 2027 NBA Draft big-board prospect. No college stat line yet - the 2026-27 season had not tipped off as of this data's sourcing.,Tankathon 2027 NBA Draft Big Board (recruiting/early rankings). Accessed Sept 2026.,real
Caleb Holt,SG,Arizona (incoming),2026-27 (incoming - season not yet started),True,,77,,,,,,,,,,,,,,,,,Early 2027 NBA Draft big-board prospect. No college stat line yet - the 2026-27 season had not tipped off as of this data's sourcing.,Tankathon 2027 NBA Draft Big Board (recruiting/early rankings). Accessed Sept 2026.,real
Jordan Smith Jr.,PG,Arkansas (incoming),2026-27 (incoming - season not yet started),True,,74,,,,,,,,,,,,,,,,,Early 2027 NBA Draft big-board prospect. No college stat line yet - the 2026-27 season had not tipped off as of this data's sourcing.,Tankathon 2027 NBA Draft Big Board (recruiting/early rankings). Accessed Sept 2026.,real
Bruce Branch III,SF,BYU (incoming),2026-27 (incoming - season not yet started),True,,79,,,,,,,,,,,,,,,,,Early 2027 NBA Draft big-board prospect. No college stat line yet - the 2026-27 season had not tipped off as of this data's sourcing.,Tankathon 2027 NBA Draft Big Board (recruiting/early rankings). Accessed Sept 2026.,real
Anthony Thompson,SF,Ohio State (incoming),2026-27 (incoming - season not yet started),True,,81,,,,,,,,,,,,,,,,,Early 2027 NBA Draft big-board prospect. No college stat line yet - the 2026-27 season had not tipped off as of this data's sourcing.,Tankathon 2027 NBA Draft Big Board (recruiting/early rankings). Accessed Sept 2026.,real
Cameron Williams,PF,Duke (incoming),2026-27 (incoming - season not yet started),True,,83,,,,,,,,,,,,,,,,,Early 2027 NBA Draft big-board prospect. No college stat line yet - the 2026-27 season had not tipped off as of this data's sourcing.,Tankathon 2027 NBA Draft Big Board (recruiting/early rankings). Accessed Sept 2026.,real
Baba Oladotun,SF,Maryland (incoming),2026-27 (incoming - season not yet started),True,,82,,,,,,,,,,,,,,,,,Early 2027 NBA Draft big-board prospect. No college stat line yet - the 2026-27 season had not tipped off as of this data's sourcing.,Tankathon 2027 NBA Draft Big Board (recruiting/early rankings). Accessed Sept 2026.,real
Brandon McCoy Jr.,SG,Michigan (incoming),2026-27 (incoming - season not yet started),True,,77,,,,,,,,,,,,,,,,,Early 2027 NBA Draft big-board prospect. No college stat line yet - the 2026-27 season had not tipped off as of this data's sourcing.,Tankathon 2027 NBA Draft Big Board (recruiting/early rankings). Accessed Sept 2026.,real
Braylon Mullins,SG,UConn (incoming),2026-27 (incoming - season not yet started),True,,78,,,,,,,,,,,,,,,,,Early 2027 NBA Draft big-board prospect. No college stat line yet - the 2026-27 season had not tipped off as of this data's sourcing.,Tankathon 2027 NBA Draft Big Board (recruiting/early rankings). Accessed Sept 2026.,real
Patrick Ngongba II,C,Duke (incoming),2026-27 (incoming - season not yet started),True,,83,,,,,,,,,,,,,,,,,Early 2027 NBA Draft big-board prospect. No college stat line yet - the 2026-27 season had not tipped off as of this data's sourcing.,Tankathon 2027 NBA Draft Big Board (recruiting/early rankings). Accessed Sept 2026.,real
